fpr,tpr
0.0,0.0
0.050831263137779484,0.0
0.47544429581502007,0.5
0.9652207146952035,1.0
1.0,1.0