fpr,tpr
0.0,0.0
0.2260759493670886,0.5
0.23974683544303796,1.0
0.9997468354430379,1.0
1.0,1.0