fpr,tpr
0.0,0.0
0.0681012658227848,0.5
0.1091139240506329,0.5
0.28632911392405064,0.5
0.9997468354430379,1.0
1.0,1.0