fpr,tpr
0.0,0.0
0.6878612716763006,0.6666666666666666
0.8174744330813696,1.0
0.9997776789684305,1.0
1.0,1.0